{"meta":{"version":"v1.0.0","entity":"CMS_THEME"},"data":[{"id":3,"name":"LOREM IPSUM DOLOR SIT AMET 1","url":null,"tags":null,"description":"Lorem ipsum dolor sit amet, consectetur adipiscing elit, sed do eiusmod tempor incididunt ut labore et dolore magna aliqua. Ut enim ad minim tempor incididunt ut labore et dolore magna aliqua.","publish":1,"content":"<p style=\"text-align:justify;\">Lorem ipsum dolor sit amet, consectetur adipiscing elit. Sed aliquam dictum leo, a ullamcorper nunc pharetra fermentum. In sed tempor erat. Curabitur finibus gravida odio quis aliquet. Nullam a rutrum massa. Pellentesque consequat ac ipsum id volutpat. Cras neque diam, volutpat eget massa vitae, vulputate viverra lectus. Vivamus bibendum tincidunt placerat. Interdum et malesuada fames ac ante ipsum primis in faucibus. Nulla facilisi. Curabitur pellentesque ante ut malesuada accumsan. Curabitur vel blandit mauris. Proin iaculis justo ut malesuada dictum. Sed id molestie libero. Maecenas nibh ipsum, tempor sed varius ut, accumsan vel justo.</p><p style=\"text-align:justify;\">Curabitur eget urna id velit sollicitudin dictum et eu mi. Nam auctor neque est, et sollicitudin ligula vehicula sit amet. Proin non orci erat. Sed sed felis ac odio suscipit mattis lobortis nec nunc. Suspendisse tincidunt justo nisl, ut finibus odio egestas non. Curabitur eros urna, eleifend ac auctor porta, ullamcorper a tellus. Nulla interdum suscipit nunc at convallis.</p><p style=\"text-align:justify;\"><span style=\"color:hsl(37, 90%, 61%);\"><strong>Duis tempus ligula dignissim tincidunt ullamcorper.&nbsp;</strong></span></p><p style=\"text-align:justify;\">Aliquam a blandit mi, eu varius urna. Curabitur tempor a nulla gravida porta. Curabitur gravida, eros eu consequat dignissim, est mauris facilisis lorem, et eleifend arcu ex id erat. Ut pellentesque quam fermentum orci condimentum, fermentum interdum lacus luctus. Suspendisse pellentesque tortor et maximus hendrerit. Pellentesque ut pellentesque tortor, non congue magna. In commodo enim quis ex rutrum bibendum. Morbi eleifend ullamcorper quam, eget aliquam elit faucibus placerat. Duis tincidunt pretium libero. Donec rutrum rutrum eros, eu vestibulum diam ultrices nec. Suspendisse potenti. Proin aliquet viverra nibh, in rutrum lacus placerat ut. Nullam vitae libero blandit purus lobortis imperdiet sed vel leo. In eu ex justo.</p><p style=\"text-align:justify;\">Integer aliquet sollicitudin est nec semper. Donec cursus nunc sem, eget fringilla neque vulputate eget. Curabitur consectetur lectus a urna egestas dignissim. Nunc porttitor rhoncus lectus nec posuere. Aenean vitae urna tincidunt dolor elementum gravida. Fusce in eros laoreet, malesuada mauris vel, maximus lorem. Suspendisse commodo lectus est, eget facilisis magna condimentum et. Pellentesque tincidunt aliquet risus et ullamcorper. Phasellus sed diam ut felis fermentum interdum. Integer convallis, purus ut porta ultrices, purus risus imperdiet mi, id imperdiet ex magna sed dolor. Ut posuere lacinia rutrum. Phasellus vestibulum ex in convallis malesuada. Duis elementum maximus dui, quis mollis ex volutpat ut. Mauris purus ipsum, placerat id metus vel, congue auctor augue. Morbi eget purus mattis, commodo enim a, tempor tellus. Sed at lectus iaculis, vestibulum dolor eu, tincidunt sapien.</p><p style=\"text-align:justify;\">Aliquam porta lectus odio, sed tincidunt massa gravida sit amet. Proin mattis magna sed massa venenatis convallis. Maecenas eu lorem at orci porta fermentum ac eget sapien. Proin enim velit, varius vel erat sed, imperdiet placerat nulla. Ut eu ex sit amet enim tristique ornare. Duis sagittis scelerisque sapien vel venenatis. Nam interdum, diam quis ultrices imperdiet, nisl purus pharetra nisi, et rutrum nisl lacus sit amet orci. Aenean faucibus vehicula lorem, non porttitor dolor luctus ut. Maecenas semper, purus fringilla condimentum maximus, lectus ante pulvinar ex, et rhoncus velit felis ac dolor. Integer placerat accumsan elit, ac eleifend odio hendrerit sit amet.</p><p><br>&nbsp;</p><p>&nbsp;</p>","authorId":1,"seoProps":{"images":"files/b4d1bc6981cc4887d54cf70fc5b65c70dbd21e725169c2eb4a9c9d1d28325ca8"},"createdAt":"2021-11-19T08:10:20.000Z","updatedAt":"2021-11-19T08:21:16.000Z","deletedAt":null,"restoredAt":null,"postCategoryId":1,"updatedBy":"admin@gmail.com","language":"en-us","shortCode":"lorem-ipsum-dolor-sit-amet-1","image":"files/f7676597fc539ac646a16e6ca428685869df9ed8896226f1b55f304b5b2a279f","postCategory":{"id":1,"parentId":null,"levelNo":1,"name":"News","seoProps":null,"url":null,"createdAt":"2021-12-02T06:00:00.000Z","updatedAt":"2022-03-02T06:00:00.000Z","deletedAt":null,"restoredAt":null,"description":null,"language":"en-us"},"imageFullPath":"http://127.0.0.1:3000/v1/drive/eyJhbGciOiJIUzI1NiIsInR5cCI6IkpXVCJ9.eyJmaWxlUGF0aCI6ImNsZWFuLWNsZWFuL3ByaXZhdGUvMTYzNzMwOTQ1MzE1Nl9sYXVyYS1kYXZpZCIsImlhdCI6MTYzNzMwOTQ1MywiZXhwIjozMTcxODE3NTE4NTN9.fMgcl0uvuxdNLtlA4A6uitazAB_NftzOd5tyDsq2DWU?meta[tenant_id]=3"},{"id":4,"name":"LOREM IPSUM DOLOR SIT AMET 2","url":null,"tags":null,"description":"Lorem ipsum dolor sit amet, consectetur adipiscing elit, sed do eiusmod tempor incididunt ut labore et dolore magna aliqua. Ut enim ad minim tempor incididunt ut labore et dolore magna aliqua.","publish":1,"content":"<p style=\"text-align:justify;\">Lorem ipsum dolor sit amet, consectetur adipiscing elit. Sed aliquam dictum leo, a ullamcorper nunc pharetra fermentum. In sed tempor erat. Curabitur finibus gravida odio quis aliquet. Nullam a rutrum massa. Pellentesque consequat ac ipsum id volutpat. Cras neque diam, volutpat eget massa vitae, vulputate viverra lectus. Vivamus bibendum tincidunt placerat. Interdum et malesuada fames ac ante ipsum primis in faucibus. Nulla facilisi. Curabitur pellentesque ante ut malesuada accumsan. Curabitur vel blandit mauris. Proin iaculis justo ut malesuada dictum. Sed id molestie libero. Maecenas nibh ipsum, tempor sed varius ut, accumsan vel justo.</p><p style=\"text-align:justify;\">Curabitur eget urna id velit sollicitudin dictum et eu mi. Nam auctor neque est, et sollicitudin ligula vehicula sit amet. Proin non orci erat. Sed sed felis ac odio suscipit mattis lobortis nec nunc. Suspendisse tincidunt justo nisl, ut finibus odio egestas non. Curabitur eros urna, eleifend ac auctor porta, ullamcorper a tellus. Nulla interdum suscipit nunc at convallis.</p><p style=\"text-align:justify;\"><span style=\"color:hsl(37,90%,61%);\"><strong>Duis tempus ligula dignissim tincidunt ullamcorper.&nbsp;</strong></span></p><p style=\"text-align:justify;\">Aliquam a blandit mi, eu varius urna. Curabitur tempor a nulla gravida porta. Curabitur gravida, eros eu consequat dignissim, est mauris facilisis lorem, et eleifend arcu ex id erat. Ut pellentesque quam fermentum orci condimentum, fermentum interdum lacus luctus. Suspendisse pellentesque tortor et maximus hendrerit. Pellentesque ut pellentesque tortor, non congue magna. In commodo enim quis ex rutrum bibendum. Morbi eleifend ullamcorper quam, eget aliquam elit faucibus placerat. Duis tincidunt pretium libero. Donec rutrum rutrum eros, eu vestibulum diam ultrices nec. Suspendisse potenti. Proin aliquet viverra nibh, in rutrum lacus placerat ut. Nullam vitae libero blandit purus lobortis imperdiet sed vel leo. In eu ex justo.</p><p style=\"text-align:justify;\">Integer aliquet sollicitudin est nec semper. Donec cursus nunc sem, eget fringilla neque vulputate eget. Curabitur consectetur lectus a urna egestas dignissim. Nunc porttitor rhoncus lectus nec posuere. Aenean vitae urna tincidunt dolor elementum gravida. Fusce in eros laoreet, malesuada mauris vel, maximus lorem. Suspendisse commodo lectus est, eget facilisis magna condimentum et. Pellentesque tincidunt aliquet risus et ullamcorper. Phasellus sed diam ut felis fermentum interdum. Integer convallis, purus ut porta ultrices, purus risus imperdiet mi, id imperdiet ex magna sed dolor. Ut posuere lacinia rutrum. Phasellus vestibulum ex in convallis malesuada. Duis elementum maximus dui, quis mollis ex volutpat ut. Mauris purus ipsum, placerat id metus vel, congue auctor augue. Morbi eget purus mattis, commodo enim a, tempor tellus. Sed at lectus iaculis, vestibulum dolor eu, tincidunt sapien.</p><p style=\"text-align:justify;\">Aliquam porta lectus odio, sed tincidunt massa gravida sit amet. Proin mattis magna sed massa venenatis convallis. Maecenas eu lorem at orci porta fermentum ac eget sapien. Proin enim velit, varius vel erat sed, imperdiet placerat nulla. Ut eu ex sit amet enim tristique ornare. Duis sagittis scelerisque sapien vel venenatis. Nam interdum, diam quis ultrices imperdiet, nisl purus pharetra nisi, et rutrum nisl lacus sit amet orci. Aenean faucibus vehicula lorem, non porttitor dolor luctus ut. Maecenas semper, purus fringilla condimentum maximus, lectus ante pulvinar ex, et rhoncus velit felis ac dolor. Integer placerat accumsan elit, ac eleifend odio hendrerit sit amet.</p><p><br>&nbsp;</p><p>&nbsp;</p>","authorId":1,"seoProps":{"images":"files/348ced2b06b43365020d37f5de9b2f4f31f95fce912d7eaa22a1e0a08e09dbc1"},"createdAt":"2021-11-19T08:14:52.000Z","updatedAt":"2021-11-19T08:16:07.000Z","deletedAt":null,"restoredAt":null,"postCategoryId":1,"updatedBy":"admin@gmail.com","language":"en-us","shortCode":"lorem-ipsum-dolor-sit-amet-2","image":"files/ae904c99a25cbfcf41c4bb5f03a569a5a2e29d89c0ccbaac32c7e8f2057a6ee1","postCategory":{"id":1,"parentId":null,"levelNo":1,"name":"News","seoProps":null,"url":null,"createdAt":"2021-12-02T06:00:00.000Z","updatedAt":"2022-03-02T06:00:00.000Z","deletedAt":null,"restoredAt":null,"description":null,"language":"en-us"},"imageFullPath":"http://127.0.0.1:3000/v1/drive/eyJhbGciOiJIUzI1NiIsInR5cCI6IkpXVCJ9.eyJmaWxlUGF0aCI6ImNsZWFuLWNsZWFuL3ByaXZhdGUvMTYzNzMwOTc2NDYxOV9wZXhlbHMtY290dCIsImlhdCI6MTYzNzMwOTc2NCwiZXhwIjozMTcxODE3NTIxNjR9.33Xjcd2mjkNeY8_K5iehOvGJo6edgn7i2J9M43g3dQY?meta[tenant_id]=3"},{"id":5,"name":"LOREM IPSUM DOLOR SIT AMET 3","url":null,"tags":null,"description":"Lorem ipsum dolor sit amet, consectetur adipiscing elit, sed do eiusmod tempor incididunt ut labore et dolore magna aliqua. Ut enim ad minim tempor incididunt ut labore et dolore magna aliqua.","publish":1,"content":"<p style=\"text-align:justify;\">Lorem ipsum dolor sit amet, consectetur adipiscing elit. Sed aliquam dictum leo, a ullamcorper nunc pharetra fermentum. In sed tempor erat. Curabitur finibus gravida odio quis aliquet. Nullam a rutrum massa. Pellentesque consequat ac ipsum id volutpat. Cras neque diam, volutpat eget massa vitae, vulputate viverra lectus. Vivamus bibendum tincidunt placerat. Interdum et malesuada fames ac ante ipsum primis in faucibus. Nulla facilisi. Curabitur pellentesque ante ut malesuada accumsan. Curabitur vel blandit mauris. Proin iaculis justo ut malesuada dictum. Sed id molestie libero. Maecenas nibh ipsum, tempor sed varius ut, accumsan vel justo.</p><p style=\"text-align:justify;\">Curabitur eget urna id velit sollicitudin dictum et eu mi. Nam auctor neque est, et sollicitudin ligula vehicula sit amet. Proin non orci erat. Sed sed felis ac odio suscipit mattis lobortis nec nunc. Suspendisse tincidunt justo nisl, ut finibus odio egestas non. Curabitur eros urna, eleifend ac auctor porta, ullamcorper a tellus. Nulla interdum suscipit nunc at convallis.</p><p style=\"text-align:justify;\"><span style=\"color:hsl(37,90%,61%);\"><strong>Duis tempus ligula dignissim tincidunt ullamcorper.&nbsp;</strong></span></p><p style=\"text-align:justify;\">Aliquam a blandit mi, eu varius urna. Curabitur tempor a nulla gravida porta. Curabitur gravida, eros eu consequat dignissim, est mauris facilisis lorem, et eleifend arcu ex id erat. Ut pellentesque quam fermentum orci condimentum, fermentum interdum lacus luctus. Suspendisse pellentesque tortor et maximus hendrerit. Pellentesque ut pellentesque tortor, non congue magna. In commodo enim quis ex rutrum bibendum. Morbi eleifend ullamcorper quam, eget aliquam elit faucibus placerat. Duis tincidunt pretium libero. Donec rutrum rutrum eros, eu vestibulum diam ultrices nec. Suspendisse potenti. Proin aliquet viverra nibh, in rutrum lacus placerat ut. Nullam vitae libero blandit purus lobortis imperdiet sed vel leo. In eu ex justo.</p><p style=\"text-align:justify;\">Integer aliquet sollicitudin est nec semper. Donec cursus nunc sem, eget fringilla neque vulputate eget. Curabitur consectetur lectus a urna egestas dignissim. Nunc porttitor rhoncus lectus nec posuere. Aenean vitae urna tincidunt dolor elementum gravida. Fusce in eros laoreet, malesuada mauris vel, maximus lorem. Suspendisse commodo lectus est, eget facilisis magna condimentum et. Pellentesque tincidunt aliquet risus et ullamcorper. Phasellus sed diam ut felis fermentum interdum. Integer convallis, purus ut porta ultrices, purus risus imperdiet mi, id imperdiet ex magna sed dolor. Ut posuere lacinia rutrum. Phasellus vestibulum ex in convallis malesuada. Duis elementum maximus dui, quis mollis ex volutpat ut. Mauris purus ipsum, placerat id metus vel, congue auctor augue. Morbi eget purus mattis, commodo enim a, tempor tellus. Sed at lectus iaculis, vestibulum dolor eu, tincidunt sapien.</p><p style=\"text-align:justify;\">Aliquam porta lectus odio, sed tincidunt massa gravida sit amet. Proin mattis magna sed massa venenatis convallis. Maecenas eu lorem at orci porta fermentum ac eget sapien. Proin enim velit, varius vel erat sed, imperdiet placerat nulla. Ut eu ex sit amet enim tristique ornare. Duis sagittis scelerisque sapien vel venenatis. Nam interdum, diam quis ultrices imperdiet, nisl purus pharetra nisi, et rutrum nisl lacus sit amet orci. Aenean faucibus vehicula lorem, non porttitor dolor luctus ut. Maecenas semper, purus fringilla condimentum maximus, lectus ante pulvinar ex, et rhoncus velit felis ac dolor. Integer placerat accumsan elit, ac eleifend odio hendrerit sit amet.</p><p><br>&nbsp;</p><p>&nbsp;</p>","authorId":1,"seoProps":{"images":"files/27e0e58b1afb25c8396469e9957f37041b0b4b86838c53ab4308ef4595f32e21"},"createdAt":"2021-11-19T08:15:19.000Z","updatedAt":"2021-11-19T08:18:01.000Z","deletedAt":null,"restoredAt":null,"postCategoryId":1,"updatedBy":"admin@gmail.com","language":"en-us","shortCode":"lorem-ipsum-dolor-sit-amet-3","image":"files/88fefdb8d1f0341544e10ad7843455f35daeed8822b5aa01444a40c9d5dbd55f","postCategory":{"id":1,"parentId":null,"levelNo":1,"name":"News","seoProps":null,"url":null,"createdAt":"2021-12-02T06:00:00.000Z","updatedAt":"2022-03-02T06:00:00.000Z","deletedAt":null,"restoredAt":null,"description":null,"language":"en-us"},"imageFullPath":"http://127.0.0.1:3000/v1/drive/eyJhbGciOiJIUzI1NiIsInR5cCI6IkpXVCJ9.eyJmaWxlUGF0aCI6ImNsZWFuLWNsZWFuL3ByaXZhdGUvMTYzNzMwOTg1ODAwN19tYXNrLWdyb3VwIiwiaWF0IjoxNjM3MzA5ODU4LCJleHAiOjMxNzE4MTc1MjI1OH0.2BlBAgJTUpzvadiMMfFPEAczD2KHp8wTDpjGvn8ewEI?meta[tenant_id]=3"}]}