{"meta":{"version":"v1.0.0","entity":"CMS_THEME"},"data":[{"id":2,"name":"ESPP Theme - en","description":"Theme - en","createdAt":"2021-11-17T08:19:30.000Z","updatedAt":"2021-11-17T08:19:30.000Z","deletedAt":null,"restoredAt":null,"group":"WEBSITE","publish":1,"status":"ENABLE","language":"en-us","variants":[{"id":3,"themeId":2,"group":"HEADER","type":"PHOTO","order":1,"label":"Logo","key":"theme_logo","value":{"value":"files/de54f905654cfa4d92a9a976c9a19571e982e5d726a25c35324562b0cbbefc86"},"createdAt":"2021-11-17T08:28:32.000Z","updatedAt":"2021-11-17T08:28:45.000Z","deletedAt":null,"restoredAt":null,"publish":1,"values":{"value":"http://127.0.0.1:3000/v1/drive/eyJhbGciOiJIUzI1NiIsInR5cCI6IkpXVCJ9.eyJmaWxlUGF0aCI6ImNsZWFuLWNsZWFuL3ByaXZhdGUvMTYzNzEzNzcyNDEzOV8xNjI1MDE3OTY3NCIsImlhdCI6MTYzNzEzNzcyNCwiZXhwIjozMTcxODE1ODAxMjR9.ijqqxYHshYloJETtDyuS0Hd-CZUjv28uxR3qR0mPFGQ?meta[tenant_id]=3"}},{"id":4,"themeId":2,"group":"HEADER","type":"TREE","order":2,"label":"Menu Top","key":"theme_menu","value":{"value":[{"key":"1637137935076","url":"#","title":"ABOUT US","children":[{"key":"1637137963687","url":"/about-us/our-story","title":"Our Story"},{"key":"1637137989554","url":"/about-us/corporate-profile","title":"Corporate Profile"},{"key":"1637138008865","url":"/about-us/our-journey","title":"Our Journey"},{"key":"1637138029822","url":"/about-us/mission-vision-values","title":"Mission Vision Values"}]},{"key":"1637138071190","url":"/brands","title":"BRANDS"},{"key":"1637138101821","url":"/shop","title":"SHOP"},{"key":"1637138118806","url":"/contact","title":"CONTACT"}]},"createdAt":"2021-11-17T08:31:49.000Z","updatedAt":"2021-11-17T08:35:19.000Z","deletedAt":null,"restoredAt":null,"publish":1,"values":{"value":[{"key":"1637137935076","url":"#","title":"ABOUT US","children":[{"key":"1637137963687","url":"/about-us/our-story","title":"Our Story"},{"key":"1637137989554","url":"/about-us/corporate-profile","title":"Corporate Profile"},{"key":"1637138008865","url":"/about-us/our-journey","title":"Our Journey"},{"key":"1637138029822","url":"/about-us/mission-vision-values","title":"Mission Vision Values"}]},{"key":"1637138071190","url":"/brands","title":"BRANDS"},{"key":"1637138101821","url":"/shop","title":"SHOP"},{"key":"1637138118806","url":"/contact","title":"CONTACT"}]}},{"id":5,"themeId":2,"group":"FOOTER","type":"RICHTEXT","order":1,"label":"About Us","key":"theme_about_us","value":{"value":"<ul><li>Our Story</li><li>Career Opportunities</li><li>Corporate News</li><li>Product Catalogue</li></ul>"},"createdAt":"2021-11-17T08:40:49.000Z","updatedAt":"2021-11-17T08:41:04.000Z","deletedAt":null,"restoredAt":null,"publish":1,"values":{"value":"<ul><li>Our Story</li><li>Career Opportunities</li><li>Corporate News</li><li>Product Catalogue</li></ul>"}},{"id":6,"themeId":2,"group":"FOOTER","type":"RICHTEXT","order":2,"label":"Customer Care","key":"theme_customer_care","value":{"value":"<ul><li>FAQs</li><li>Delivery, Returns and Exchanges</li><li>Enquiry</li></ul>"},"createdAt":"2021-11-17T08:42:01.000Z","updatedAt":"2021-11-17T08:42:30.000Z","deletedAt":null,"restoredAt":null,"publish":1,"values":{"value":"<ul><li>FAQs</li><li>Delivery, Returns and Exchanges</li><li>Enquiry</li></ul>"}},{"id":7,"themeId":2,"group":"FOOTER","type":"RICHTEXT","order":3,"label":"Connect with Us","key":"theme_connect_with_us","value":{"value":"<div class=\"raw-html-embed\"><div>\n  <p>\n    <i class=\"fab fa-facebook\"></i>\n  </p>\n  <p>\n    <i class=\"fab fa-instagram-square\"></i>\n  </p>\n  <p>\n    <i class=\"fab fa-linkedin\"></i>\n  </p>\n<p>\n  <i class=\"fab fa-tiktok\"></i> \n  </p>\n</div>\n</div>"},"createdAt":"2021-11-17T08:43:03.000Z","updatedAt":"2021-11-17T08:43:40.000Z","deletedAt":null,"restoredAt":null,"publish":1,"values":{"value":"<div class=\"raw-html-embed\"><div>\n  <p>\n    <i class=\"fab fa-facebook\"></i>\n  </p>\n  <p>\n    <i class=\"fab fa-instagram-square\"></i>\n  </p>\n  <p>\n    <i class=\"fab fa-linkedin\"></i>\n  </p>\n<p>\n  <i class=\"fab fa-tiktok\"></i> \n  </p>\n</div>\n</div>"}},{"id":8,"themeId":2,"group":"FOOTER","type":"RICHTEXT","order":4,"label":"Contact Us","key":"theme_contact_us","value":{"value":"<div class=\"raw-html-embed\"><div>\n  <p>\n    <i class=\"fas fa-map-marker-alt\"></i>\n    <span>14 Arumugam Road LTC Building C\n      #08-01\n      Singapore 409959</span>\n  </p>\n  <p>\n    <i class=\"fa fa-envelope\"></i> <span>sales@eesin.net</span>\n  </p>\n  <p>\n    <i class=\"fa fa-phone\"></i> <span>+65 6288 7787</span>\n  </p>\n  <p>\n    <i class=\"fa fa-phone\"></i> <span>+65 6464 0110</span>\n  </p>  \n</div></div>"},"createdAt":"2021-11-17T08:44:14.000Z","updatedAt":"2021-11-17T08:44:40.000Z","deletedAt":null,"restoredAt":null,"publish":1,"values":{"value":"<div class=\"raw-html-embed\"><div>\n  <p>\n    <i class=\"fas fa-map-marker-alt\"></i>\n    <span>14 Arumugam Road LTC Building C\n      #08-01\n      Singapore 409959</span>\n  </p>\n  <p>\n    <i class=\"fa fa-envelope\"></i> <span>sales@eesin.net</span>\n  </p>\n  <p>\n    <i class=\"fa fa-phone\"></i> <span>+65 6288 7787</span>\n  </p>\n  <p>\n    <i class=\"fa fa-phone\"></i> <span>+65 6464 0110</span>\n  </p>  \n</div></div>"}},{"id":9,"themeId":2,"group":"FOOTER","type":"PHOTO","order":5,"label":"Logo Footer","key":"theme_footer_logo","value":{"value":"files/7c7a6d3ffc1a2df1240771bfc9af8fed8e627af53db2d3211b4100537d55fc87"},"createdAt":"2021-11-17T08:47:13.000Z","updatedAt":"2021-11-17T08:47:34.000Z","deletedAt":null,"restoredAt":null,"publish":1,"values":{"value":"http://127.0.0.1:3000/v1/drive/eyJhbGciOiJIUzI1NiIsInR5cCI6IkpXVCJ9.eyJmaWxlUGF0aCI6ImNsZWFuLWNsZWFuL3ByaXZhdGUvMTYzNzEzODg1MzIyOV8xNjI1MDE3OTgwOSIsImlhdCI6MTYzNzEzODg1MywiZXhwIjozMTcxODE1ODEyNTN9.iBxjJdwv1gypYzGMICCOtBxQMYj20UrdorUy_X6APR4?meta[tenant_id]=3"}},{"id":10,"themeId":2,"group":"FOOTER","type":"RICHTEXT","order":6,"label":"Copyright","key":"footer_copyright","value":{"value":"<p>© 2021 Ee Sin Paper Products Pte Ltd (197301012N)</p>"},"createdAt":"2021-11-17T08:48:09.000Z","updatedAt":"2021-11-17T08:48:41.000Z","deletedAt":null,"restoredAt":null,"publish":1,"values":{"value":"<p>© 2021 Ee Sin Paper Products Pte Ltd (197301012N)</p>"}}]}]}